Cases,cod_munici,year,epiweek,cons_epiweek,municipality,total_population,Temperature,Rainfall,EVI
1,5250,2007,1,1,EL BAGRE,46769,27.37232166,2.544919533,4900.185659
3,5250,2007,2,2,EL BAGRE,46769,27.16997965,10.18762917,3812.10519
1,5250,2007,3,3,EL BAGRE,46769,27.66010752,2.573214609,5666.859822
0,5250,2007,4,4,EL BAGRE,46769,27.75327596,6.629299762,4213.51988
0,5250,2007,5,5,EL BAGRE,46769,27.98921511,1.538995502,NA
2,5250,2007,6,6,EL BAGRE,46769,28.21257063,1.041479841,4441.745256
2,5250,2007,7,7,EL BAGRE,46769,27.94633242,5.585338097,3540.303762
1,5250,2007,8,8,EL BAGRE,46769,27.23086326,1.906433193,4803.085089
1,5250,2007,9,9,EL BAGRE,46769,29.83512699,35.96835301,2458.475409
0,5250,2007,10,10,EL BAGRE,46769,28.43231745,20.34524797,3158.080022
1,5250,2007,11,11,EL BAGRE,46769,28.03607633,19.76918342,3361.702821
3,5250,2007,12,12,EL BAGRE,46769,27.64008829,53.43934818,4674.305672
3,5250,2007,13,13,EL BAGRE,46769,26.01118982,61.20648204,4373.186818
3,5250,2007,14,14,EL BAGRE,46769,25.84343458,87.48248321,NA
2,5250,2007,15,15,EL BAGRE,46769,27.02660845,104.4999085,5176.363449
2,5250,2007,16,16,EL BAGRE,46769,25.77156259,75.0306739,3725.6997
1,5250,2007,17,17,EL BAGRE,46769,25.4326699,94.92040095,4857.459733
0,5250,2007,18,18,EL BAGRE,46769,25.57408671,121.6897116,3198.023492
1,5250,2007,19,19,EL BAGRE,46769,25.69574654,152.446247,4934.881416
2,5250,2007,20,20,EL BAGRE,46769,25.62352177,52.17175729,3652.887239
2,5250,2007,21,21,EL BAGRE,46769,24.21688245,74.63330527,NA
0,5250,2007,22,22,EL BAGRE,46769,24.15217246,87.02991153,3977.437274
2,5250,2007,23,23,EL BAGRE,46769,25.04165523,44.43818864,3332.289239
5,5250,2007,24,24,EL BAGRE,46769,25.71903807,49.07914707,4342.51006
3,5250,2007,25,25,EL BAGRE,46769,26.82003276,34.14979489,2816.317675
2,5250,2007,26,26,EL BAGRE,46769,26.71208471,89.06020147,1867.912744
5,5250,2007,27,27,EL BAGRE,46769,27.13983849,51.90316149,3634.700258
3,5250,2007,28,28,EL BAGRE,46769,26.5850506,34.67856627,4348.865736
5,5250,2007,29,29,EL BAGRE,46769,25.79884117,55.84354765,3405.828086
1,5250,2007,30,30,EL BAGRE,46769,24.81407306,60.42820375,NA
0,5250,2007,31,31,EL BAGRE,46769,26.14493431,160.1855332,5186.667929
4,5250,2007,32,32,EL BAGRE,46769,25.63180194,57.53524195,3353.537447
0,5250,2007,33,33,EL BAGRE,46769,25.52794424,79.45304488,5625.694698
7,5250,2007,34,34,EL BAGRE,46769,25.41366904,123.9674542,3724.902174
3,5250,2007,35,35,EL BAGRE,46769,25.18294917,84.78092699,3679.484039
3,5250,2007,36,36,EL BAGRE,46769,24.59791547,77.86878518,3782.237262
2,5250,2007,37,37,EL BAGRE,46769,25.19802656,115.9397999,NA
1,5250,2007,38,38,EL BAGRE,46769,25.18153881,40.08119489,4161.561722
4,5250,2007,39,39,EL BAGRE,46769,25.36344489,119.7894173,3240.913158
3,5250,2007,40,40,EL BAGRE,46769,24.62753287,62.70395448,4374.948521
1,5250,2007,41,41,EL BAGRE,46769,24.33026482,62.71197926,3049.061359
1,5250,2007,42,42,EL BAGRE,46769,24.51136939,136.394515,4026.910863
0,5250,2007,43,43,EL BAGRE,46769,24.46231632,39.63095295,3580.521865
0,5250,2007,44,44,EL BAGRE,46769,24.26444651,51.10164674,3324.585244
0,5250,2007,45,45,EL BAGRE,46769,24.9854697,44.55998504,1992.791748
0,5250,2007,46,46,EL BAGRE,46769,25.55841552,60.51813019,NA
2,5250,2007,47,47,EL BAGRE,46769,26.88850679,60.03184556,3703.198754
0,5250,2007,48,48,EL BAGRE,46769,27.03012553,35.52026964,1105.783273
0,5250,2007,49,49,EL BAGRE,46769,25.84901034,14.46373797,3000.774425
2,5250,2007,50,50,EL BAGRE,46769,26.67960921,36.15957429,1900.781169
2,5250,2007,51,51,EL BAGRE,46769,25.48859365,58.54063268,5319.56261
5,5250,2007,52,52,EL BAGRE,46769,26.97350993,73.79930646,4105.367491
11,5250,2008,1,53,EL BAGRE,47150,27.41950326,0.991216816,NA
3,5250,2008,2,54,EL BAGRE,47150,27.08050104,10.5725062,4831.54773
7,5250,2008,3,55,EL BAGRE,47150,28.17888967,13.36070528,3563.525803
16,5250,2008,4,56,EL BAGRE,47150,29.39893629,2.050017315,5299.48839
11,5250,2008,5,57,EL BAGRE,47150,27.68288038,1.894306678,3826.03145
14,5250,2008,6,58,EL BAGRE,47150,28.98731586,7.211886649,4776.85337
24,5250,2008,7,59,EL BAGRE,47150,30.09061221,8.732165382,3616.644156
17,5250,2008,8,60,EL BAGRE,47150,27.9430623,37.86439834,4728.265703
6,5250,2008,9,61,EL BAGRE,47150,29.35161418,2.462682091,3377.261432
3,5250,2008,10,62,EL BAGRE,47150,28.61277727,11.30598988,NA
5,5250,2008,11,63,EL BAGRE,47150,26.69060568,45.33181544,1733.765752
10,5250,2008,12,64,EL BAGRE,47150,29.8421071,4.299928315,2431.909348
14,5250,2008,13,65,EL BAGRE,47150,29.70289846,9.288167354,2946.348262
16,5250,2008,14,66,EL BAGRE,47150,27.44618653,24.49022522,3102.35967
17,5250,2008,15,67,EL BAGRE,47150,27.91678676,57.40000726,2675.897742
16,5250,2008,16,68,EL BAGRE,47150,28.04412257,80.32086041,1044.676217
26,5250,2008,17,69,EL BAGRE,47150,27.82807609,49.74305081,NA
45,5250,2008,18,70,EL BAGRE,47150,26.71673204,129.6948046,2176.486704
142,5250,2008,19,71,EL BAGRE,47150,26.9162313,55.22702507,3123.685722
94,5250,2008,20,72,EL BAGRE,47150,27.85847901,48.31843627,4081.747178
105,5250,2008,21,73,EL BAGRE,47150,26.42754551,188.0480259,2795.89369
86,5250,2008,22,74,EL BAGRE,47150,25.64970456,72.2627018,2982.496946
43,5250,2008,23,75,EL BAGRE,47150,26.52550811,105.0121987,2635.711639
54,5250,2008,24,76,EL BAGRE,47150,28.0835774,46.37468259,267.0181321
27,5250,2008,25,77,EL BAGRE,47150,28.25059767,122.6591625,2603.390432
21,5250,2008,26,78,EL BAGRE,47150,27.13768618,44.49819833,NA
35,5250,2008,27,79,EL BAGRE,47150,27.28133868,76.25592345,2941.105643
31,5250,2008,28,80,EL BAGRE,47150,27.34374075,68.80741307,1661.498153
34,5250,2008,29,81,EL BAGRE,47150,26.54498816,37.6263636,578.2963836
90,5250,2008,30,82,EL BAGRE,47150,28.20001077,16.30976933,3110.487168
122,5250,2008,31,83,EL BAGRE,47150,27.67301959,53.21398812,-32.17928245
123,5250,2008,32,84,EL BAGRE,47150,28.54366028,22.76588883,1685.335419
119,5250,2008,33,85,EL BAGRE,47150,26.67610135,127.5382175,NA
125,5250,2008,34,86,EL BAGRE,47150,26.30588313,75.82956974,1583.799335
112,5250,2008,35,87,EL BAGRE,47150,26.15156067,75.3297749,2130.86479
77,5250,2008,36,88,EL BAGRE,47150,26.85334772,100.0159449,1676.41403
94,5250,2008,37,89,EL BAGRE,47150,28.34414063,43.1303192,2657.487892
120,5250,2008,38,90,EL BAGRE,47150,26.96460146,128.4643457,1335.78211
116,5250,2008,39,91,EL BAGRE,47150,27.19549186,155.1030302,3387.909854
117,5250,2008,40,92,EL BAGRE,47150,26.51944676,91.92282104,2443.900333
117,5250,2008,41,93,EL BAGRE,47150,24.55573725,33.76234523,3261.324245
77,5250,2008,42,94,EL BAGRE,47150,24.68001775,30.19739436,NA
98,5250,2008,43,95,EL BAGRE,47150,26.28780751,73.035597,4520.795694
76,5250,2008,44,96,EL BAGRE,47150,26.84494751,80.90433363,3467.211259
76,5250,2008,45,97,EL BAGRE,47150,25.15525953,53.13183298,3914.92998
64,5250,2008,46,98,EL BAGRE,47150,26.33371883,38.31241669,2661.79704
62,5250,2008,47,99,EL BAGRE,47150,24.36874582,46.49160576,2477.763218
86,5250,2008,48,100,EL BAGRE,47150,24.22071384,73.16557057,3614.071018
133,5250,2008,49,101,EL BAGRE,47150,24.46175878,33.35942441,NA
94,5250,2008,50,102,EL BAGRE,47150,25.13576624,13.84266595,3954.703262
115,5250,2008,51,103,EL BAGRE,47150,24.7577063,4.69564741,2718.014076
103,5250,2008,52,104,EL BAGRE,47150,24.84404307,5.571644244,2070.103051
45,5250,2008,53,105,EL BAGRE,47150,26.41006059,10.72695859,2336.766259
128,5250,2009,1,106,EL BAGRE,47514,27.2035673,18.14733677,1344.243435
146,5250,2009,2,107,EL BAGRE,47514,26.63056644,11.37520007,2792.437628
155,5250,2009,3,108,EL BAGRE,47514,24.9197496,50.7797161,920.1130746
191,5250,2009,4,109,EL BAGRE,47514,26.97782873,14.55873495,2178.000737
197,5250,2009,5,110,EL BAGRE,47514,27.12958317,11.08074887,NA
196,5250,2009,6,111,EL BAGRE,47514,26.83736823,5.530306842,4595.149872
148,5250,2009,7,112,EL BAGRE,47514,26.6558039,8.210983043,497.1586788
127,5250,2009,8,113,EL BAGRE,47514,26.74359794,13.54655726,4652.659
169,5250,2009,9,114,EL BAGRE,47514,26.40148051,40.5919556,2730.593361
104,5250,2009,10,115,EL BAGRE,47514,27.67208599,4.772644955,856.4607027
107,5250,2009,11,116,EL BAGRE,47514,27.04785158,63.75140767,2995.412264
104,5250,2009,12,117,EL BAGRE,47514,26.04528819,45.29942454,NA
117,5250,2009,13,118,EL BAGRE,47514,25.78035948,31.57257642,4194.233186
91,5250,2009,14,119,EL BAGRE,47514,26.02526629,79.40728491,-342.0694888
145,5250,2009,15,120,EL BAGRE,47514,26.57418501,30.46489077,4294.585589
130,5250,2009,16,121,EL BAGRE,47514,26.98713836,22.60971911,460.6675996
151,5250,2009,17,122,EL BAGRE,47514,27.20931515,108.0360656,3679.445704
174,5250,2009,18,123,EL BAGRE,47514,25.23146051,121.1256874,3594.52046
187,5250,2009,19,124,EL BAGRE,47514,25.84933212,96.70519632,2541.37443
164,5250,2009,20,125,EL BAGRE,47514,25.46668204,36.22166398,3847.710072
145,5250,2009,21,126,EL BAGRE,47514,25.37070142,107.6836741,NA
180,5250,2009,22,127,EL BAGRE,47514,26.36507417,55.25831294,3640.164945
184,5250,2009,23,128,EL BAGRE,47514,25.02351257,104.8357111,3104.067804
182,5250,2009,24,129,EL BAGRE,47514,24.96743792,46.87189174,2963.168076
144,5250,2009,25,130,EL BAGRE,47514,24.59140295,51.47490403,1856.992337
172,5250,2009,26,131,EL BAGRE,47514,25.16173113,47.28255464,4408.693306
172,5250,2009,27,132,EL BAGRE,47514,25.26133077,84.85650803,3618.333045
163,5250,2009,28,133,EL BAGRE,47514,26.24645922,31.52486297,NA
201,5250,2009,29,134,EL BAGRE,47514,25.61640233,19.65833276,4055.892564
190,5250,2009,30,135,EL BAGRE,47514,26.10591492,54.21401986,3477.856904
183,5250,2009,31,136,EL BAGRE,47514,25.81703559,36.17227815,2112.262002
180,5250,2009,32,137,EL BAGRE,47514,25.59070634,69.45531785,3695.108252
179,5250,2009,33,138,EL BAGRE,47514,24.51862806,146.17238,3212.651517
232,5250,2009,34,139,EL BAGRE,47514,25.37212131,38.70114204,3791.131898
191,5250,2009,35,140,EL BAGRE,47514,25.66437636,32.06516778,1398.69808
204,5250,2009,36,141,EL BAGRE,47514,26.27755271,36.31599623,4228.181603
153,5250,2009,37,142,EL BAGRE,47514,24.73716019,29.7956,2008.93335
225,5250,2009,38,143,EL BAGRE,47514,26.05283204,47.58481912,4248.656816
190,5250,2009,39,144,EL BAGRE,47514,26.04252726,37.74837974,3119.783218
193,5250,2009,40,145,EL BAGRE,47514,26.46980991,80.59015558,3048.811025
216,5250,2009,41,146,EL BAGRE,47514,24.86751573,86.28931839,2326.395287
230,5250,2009,42,147,EL BAGRE,47514,24.58803448,51.95284019,3151.915129
223,5250,2009,43,148,EL BAGRE,47514,24.46676288,53.43857067,2988.476052
239,5250,2009,44,149,EL BAGRE,47514,23.9106246,22.7921151,NA
211,5250,2009,45,150,EL BAGRE,47514,24.3085549,107.9784764,4163.151832
181,5250,2009,46,151,EL BAGRE,47514,25.06756105,41.5701347,1257.000261
151,5250,2009,47,152,EL BAGRE,47514,25.81373965,30.70070299,2850.795015
125,5250,2009,48,153,EL BAGRE,47514,26.28644769,10.47110696,1926.764277
190,5250,2009,49,154,EL BAGRE,47514,26.71658041,15.20017144,2048.302329
257,5250,2009,50,155,EL BAGRE,47514,26.44309857,10.45742533,3903.988695
225,5250,2009,51,156,EL BAGRE,47514,24.69494319,43.61305253,4729.021894
155,5250,2009,52,157,EL BAGRE,47514,25.78943606,6.0728539,3824.644113
301,5250,2010,1,158,EL BAGRE,47875,26.90915352,4.10713386,NA
225,5250,2010,2,159,EL BAGRE,47875,27.68755128,1.755596047,3973.788269
247,5250,2010,3,160,EL BAGRE,47875,28.77287607,3.592499387,3022.503797
273,5250,2010,4,161,EL BAGRE,47875,28.02056522,7.350829802,2556.454331
414,5250,2010,5,162,EL BAGRE,47875,29.71151382,3.471185813,3564.725129
453,5250,2010,6,163,EL BAGRE,47875,27.96881408,10.61896066,2940.2639
456,5250,2010,7,164,EL BAGRE,47875,28.56823242,12.78262655,4117.932934
387,5250,2010,8,165,EL BAGRE,47875,27.31141207,57.79256028,NA
479,5250,2010,9,166,EL BAGRE,47875,26.67229455,93.21783991,2638.238722
348,5250,2010,10,167,EL BAGRE,47875,26.78575514,65.5239246,3450.695643
394,5250,2010,11,168,EL BAGRE,47875,27.14302329,153.8305086,4631.73071
482,5250,2010,12,169,EL BAGRE,47875,28.76750461,26.84455318,3113.355102
475,5250,2010,13,170,EL BAGRE,47875,27.44641373,45.76972921,4525.076848
581,5250,2010,14,171,EL BAGRE,47875,26.52818189,158.1440645,4100.475105
496,5250,2010,15,172,EL BAGRE,47875,26.19154146,25.09922208,4653.939518
482,5250,2010,16,173,EL BAGRE,47875,27.88902935,122.0535098,3977.286681
581,5250,2010,17,174,EL BAGRE,47875,26.07077714,117.5667876,NA
528,5250,2010,18,175,EL BAGRE,47875,25.20313678,99.41667902,4530.389768
497,5250,2010,19,176,EL BAGRE,47875,25.95654022,105.2698492,3666.181697
525,5250,2010,20,177,EL BAGRE,47875,25.81536837,68.59804055,4743.571111
404,5250,2010,21,178,EL BAGRE,47875,24.73288846,39.88704072,3912.978784
418,5250,2010,22,179,EL BAGRE,47875,25.34087753,93.00346243,5214.0616
326,5250,2010,23,180,EL BAGRE,47875,24.70084362,73.86177281,3998.278157
361,5250,2010,24,181,EL BAGRE,47875,24.62555401,117.0411235,NA
315,5250,2010,25,182,EL BAGRE,47875,24.31846927,133.7179454,4024.198275
192,5250,2010,26,183,EL BAGRE,47875,24.86161094,135.5946326,4017.959675
196,5250,2010,27,184,EL BAGRE,47875,24.22437109,231.8566927,5174.537166
212,5250,2010,28,185,EL BAGRE,47875,24.1155944,59.2590997,4082.211403
274,5250,2010,29,186,EL BAGRE,47875,24.6878722,39.37969651,4910.878182
310,5250,2010,30,187,EL BAGRE,47875,24.48581917,77.88658764,4188.850217
202,5250,2010,31,188,EL BAGRE,47875,24.70991659,52.61256559,3419.898859
167,5250,2010,32,189,EL BAGRE,47875,24.75616446,59.05932816,4437.4406
184,5250,2010,33,190,EL BAGRE,47875,23.83045787,96.77570336,NA
184,5250,2010,34,191,EL BAGRE,47875,24.18157352,128.8633607,4719.36448
162,5250,2010,35,192,EL BAGRE,47875,23.9427813,54.51003906,3778.430466
141,5250,2010,36,193,EL BAGRE,47875,23.7946976,85.28096289,5022.658356
168,5250,2010,37,194,EL BAGRE,47875,24.40572859,77.39890311,3850.257337
152,5250,2010,38,195,EL BAGRE,47875,23.54436484,32.84078324,3745.446058
154,5250,2010,39,196,EL BAGRE,47875,23.85078555,65.63749709,2464.496839
191,5250,2010,40,197,EL BAGRE,47875,24.22685357,40.0910434,NA
180,5250,2010,41,198,EL BAGRE,47875,24.99033923,35.56680711,3746.875146
142,5250,2010,42,199,EL BAGRE,47875,23.61161143,61.87038559,3295.659355
128,5250,2010,43,200,EL BAGRE,47875,23.62594182,38.79686413,4070.712303
137,5250,2010,44,201,EL BAGRE,47875,24.23325502,62.7897412,3110.9495
151,5250,2010,45,202,EL BAGRE,47875,23.44284493,59.20284665,157.9809089
144,5250,2010,46,203,EL BAGRE,47875,22.91016582,41.81855917,2422.879441
92,5250,2010,47,204,EL BAGRE,47875,23.87599293,31.52839983,3058.533226
120,5250,2010,48,205,EL BAGRE,47875,23.38259313,64.95310656,3576.741646
120,5250,2010,49,206,EL BAGRE,47875,23.91460732,32.12928863,NA
140,5250,2010,50,207,EL BAGRE,47875,23.42835773,21.60471506,4296.584209
133,5250,2010,51,208,EL BAGRE,47875,23.58096445,17.53014408,3670.285196
155,5250,2010,52,209,EL BAGRE,47875,24.37422449,18.15079305,5302.897555
84,5250,2011,1,210,EL BAGRE,48211,23.67152248,22.66520987,4239.039464
110,5250,2011,2,211,EL BAGRE,48211,24.4831228,13.34904801,5486.504635
94,5250,2011,3,212,EL BAGRE,48211,24.64691223,9.328033211,4152.359685
99,5250,2011,4,213,EL BAGRE,48211,24.60329349,12.58950694,NA
151,5250,2011,5,214,EL BAGRE,48211,24.89461016,5.632945377,4611.9014
184,5250,2011,6,215,EL BAGRE,48211,24.3918593,13.48120677,3748.624112
169,5250,2011,7,216,EL BAGRE,48211,24.57993492,40.0109581,4272.34429
172,5250,2011,8,217,EL BAGRE,48211,24.21403307,12.24514061,1067.639583
162,5250,2011,9,218,EL BAGRE,48211,24.15107775,37.90364365,3625.654508
155,5250,2011,10,219,EL BAGRE,48211,23.99183087,52.00200883,3710.698011
132,5250,2011,11,220,EL BAGRE,48211,24.64595711,10.69452328,1872.573369
176,5250,2011,12,221,EL BAGRE,48211,24.11240557,58.06493492,2578.39709
131,5250,2011,13,222,EL BAGRE,48211,25.48153144,31.07495196,NA
126,5250,2011,14,223,EL BAGRE,48211,25.0863854,71.31800808,2590.734218
144,5250,2011,15,224,EL BAGRE,48211,24.06383156,114.1650192,3531.208007
129,5250,2011,16,225,EL BAGRE,48211,23.7304061,25.48306382,4193.175097
139,5250,2011,17,226,EL BAGRE,48211,24.46831772,30.90943323,3109.825977
141,5250,2011,18,227,EL BAGRE,48211,25.15728184,55.28581006,2606.815139
152,5250,2011,19,228,EL BAGRE,48211,25.03320405,68.20562792,3937.88662
160,5250,2011,20,229,EL BAGRE,48211,23.77003451,72.14050198,NA
160,5250,2011,21,230,EL BAGRE,48211,23.52304253,69.20956883,2101.115623
152,5250,2011,22,231,EL BAGRE,48211,24.50881492,63.79342469,3806.677193
162,5250,2011,23,232,EL BAGRE,48211,25.04764845,29.88463288,3106.343344
162,5250,2011,24,233,EL BAGRE,48211,25.17259434,32.92966982,4009.037916
150,5250,2011,25,234,EL BAGRE,48211,24.50909022,59.77787326,5291.068547
163,5250,2011,26,235,EL BAGRE,48211,24.37378604,65.43373737,4014.179551
193,5250,2011,27,236,EL BAGRE,48211,25.02138397,34.34088619,3230.08712
198,5250,2011,28,237,EL BAGRE,48211,24.03599179,47.84399503,815.6071303
184,5250,2011,29,238,EL BAGRE,48211,25.12020128,25.24795733,NA
129,5250,2011,30,239,EL BAGRE,48211,24.71195857,43.39694532,5742.101758
191,5250,2011,31,240,EL BAGRE,48211,24.45972472,81.51305572,3740.740864
168,5250,2011,32,241,EL BAGRE,48211,25.28464047,39.71949258,2013.701366
178,5250,2011,33,242,EL BAGRE,48211,23.97982261,125.6670603,3262.631677
174,5250,2011,34,243,EL BAGRE,48211,24.20696675,38.76975788,4289.543156
202,5250,2011,35,244,EL BAGRE,48211,24.78078064,54.65223612,2493.057782
192,5250,2011,36,245,EL BAGRE,48211,24.41375392,63.21337647,NA
198,5250,2011,37,246,EL BAGRE,48211,24.28262572,69.53391077,4649.390686
182,5250,2011,38,247,EL BAGRE,48211,24.33253993,33.05937317,3565.730507
173,5250,2011,39,248,EL BAGRE,48211,24.78646698,124.6991372,3506.365357
161,5250,2011,40,249,EL BAGRE,48211,24.18554312,61.2863557,3746.507436
198,5250,2011,41,250,EL BAGRE,48211,23.73726213,49.62339579,5615.033626
209,5250,2011,42,251,EL BAGRE,48211,23.04119852,16.96887996,4284.088807
180,5250,2011,43,252,EL BAGRE,48211,23.74278414,75.1197315,1262.964641
171,5250,2011,44,253,EL BAGRE,48211,24.03452071,19.14201554,3869.049092
182,5250,2011,45,254,EL BAGRE,48211,24.02192662,62.66793783,NA
178,5250,2011,46,255,EL BAGRE,48211,23.08901423,59.0470327,2077.170835
167,5250,2011,47,256,EL BAGRE,48211,23.62289665,37.95844758,2058.382139
157,5250,2011,48,257,EL BAGRE,48211,23.88732677,75.70975452,4706.184732
159,5250,2011,49,258,EL BAGRE,48211,24.17685937,29.7683381,1295.132068
127,5250,2011,50,259,EL BAGRE,48211,23.7940327,34.11276966,2664.478276
131,5250,2011,51,260,EL BAGRE,48211,24.33290334,16.24188687,3049.399657
133,5250,2011,52,261,EL BAGRE,48211,24.74666638,11.08924824,NA
178,5250,2012,1,262,EL BAGRE,48568,24.3170143,10.85539658,3511.908293
152,5250,2012,2,263,EL BAGRE,48568,24.65383592,7.941773517,3663.330238
165,5250,2012,3,264,EL BAGRE,48568,24.23265348,10.53093481,5639.064966
138,5250,2012,4,265,EL BAGRE,48568,24.13935845,6.937165968,3696.759634
137,5250,2012,5,266,EL BAGRE,48568,24.4577532,6.374497904,2824.91713
204,5250,2012,6,267,EL BAGRE,48568,24.94739788,43.62699241,3908.001842
186,5250,2012,7,268,EL BAGRE,48568,24.74834242,7.463062022,1640.169196
170,5250,2012,8,269,EL BAGRE,48568,25.40446294,4.32159109,2034.913922
204,5250,2012,9,270,EL BAGRE,48568,26.0750551,15.20631442,NA
210,5250,2012,10,271,EL BAGRE,48568,25.57177099,20.09884718,5460.211752
143,5250,2012,11,272,EL BAGRE,48568,26.06164863,12.57481275,3547.724826
207,5250,2012,12,273,EL BAGRE,48568,25.34463337,26.61771168,2792.129282
169,5250,2012,13,274,EL BAGRE,48568,25.94854264,24.09725903,1422.873933
157,5250,2012,14,275,EL BAGRE,48568,25.13274202,75.7398249,5643.860513
180,5250,2012,15,276,EL BAGRE,48568,24.27872427,34.36297826,4230.988871
246,5250,2012,16,277,EL BAGRE,48568,24.61654996,77.81916739,NA
187,5250,2012,17,278,EL BAGRE,48568,24.29334989,111.9693673,3158.156394
172,5250,2012,18,279,EL BAGRE,48568,24.3411109,50.30681416,3470.809507
161,5250,2012,19,280,EL BAGRE,48568,24.31554047,36.30274454,5471.411865
170,5250,2012,20,281,EL BAGRE,48568,25.24398032,117.3170366,3629.30769
189,5250,2012,21,282,EL BAGRE,48568,24.51270071,126.9891935,1187.052516
194,5250,2012,22,283,EL BAGRE,48568,25.42808208,30.07100021,3203.489308
146,5250,2012,23,284,EL BAGRE,48568,25.78411113,29.11266168,3387.81053
139,5250,2012,24,285,EL BAGRE,48568,24.77848522,48.75948694,3674.948844
118,5250,2012,25,286,EL BAGRE,48568,24.86748699,17.13094027,NA
153,5250,2012,26,287,EL BAGRE,48568,24.33965252,21.30639823,4037.525947
191,5250,2012,27,288,EL BAGRE,48568,24.42436598,39.29706908,2636.618412
188,5250,2012,28,289,EL BAGRE,48568,24.97026171,47.76127312,3211.220738
167,5250,2012,29,290,EL BAGRE,48568,24.91996923,71.08085497,4105.906882
133,5250,2012,30,291,EL BAGRE,48568,25.45302924,23.48287468,2034.718602
140,5250,2012,31,292,EL BAGRE,48568,24.59628902,135.4337589,3695.559603
130,5250,2012,32,293,EL BAGRE,48568,24.7527896,74.98911375,NA
119,5250,2012,33,294,EL BAGRE,48568,24.62494322,122.8969172,2626.777876
121,5250,2012,34,295,EL BAGRE,48568,24.34420588,93.8152065,3106.689479
99,5250,2012,35,296,EL BAGRE,48568,25.18480257,27.25229115,3253.10897
124,5250,2012,36,297,EL BAGRE,48568,24.98597731,55.15899063,3487.033404
150,5250,2012,37,298,EL BAGRE,48568,25.19606267,92.29185504,3931.406992
154,5250,2012,38,299,EL BAGRE,48568,24.13942098,121.1151453,3830.460233
144,5250,2012,39,300,EL BAGRE,48568,23.92716613,35.39171457,3140.448428
193,5250,2012,40,301,EL BAGRE,48568,24.52228117,59.79670306,4195.615133
180,5250,2012,41,302,EL BAGRE,48568,24.36719425,28.49937583,NA
147,5250,2012,42,303,EL BAGRE,48568,23.86941471,24.0705436,4240.127397
131,5250,2012,43,304,EL BAGRE,48568,23.9518986,54.90186009,2733.941525
155,5250,2012,44,305,EL BAGRE,48568,23.67740159,50.53755572,2423.049432
152,5250,2012,45,306,EL BAGRE,48568,24.72123555,34.09153092,3392.501444
207,5250,2012,46,307,EL BAGRE,48568,24.34853418,47.38081772,3384.542659
208,5250,2012,47,308,EL BAGRE,48568,24.24632788,43.0288648,3154.760156
182,5250,2012,48,309,EL BAGRE,48568,24.83122024,32.84951517,NA
116,5250,2012,49,310,EL BAGRE,48568,24.34926772,14.58537634,3927.017648
153,5250,2012,50,311,EL BAGRE,48568,24.63798703,47.82175613,2897.689679
100,5250,2012,51,312,EL BAGRE,48568,24.36745886,34.68354227,4179.687063
95,5250,2012,52,313,EL BAGRE,48568,24.81823798,14.77876028,1217.565042
130,5250,2013,1,314,EL BAGRE,48914,25.64769775,7.668285293,3890.682911
124,5250,2013,2,315,EL BAGRE,48914,25.47738423,1.247597356,2284.468279
113,5250,2013,3,316,EL BAGRE,48914,25.02418033,6.697948511,3959.007278
132,5250,2013,4,317,EL BAGRE,48914,25.45504501,7.386166022,3208.893554
127,5250,2013,5,318,EL BAGRE,48914,26.18559015,10.21607088,NA
122,5250,2013,6,319,EL BAGRE,48914,25.0058169,28.9229937,3748.93609
117,5250,2013,7,320,EL BAGRE,48914,25.2938703,9.463507525,3391.694207
140,5250,2013,8,321,EL BAGRE,48914,26.13006521,6.156760049,2050.031012
114,5250,2013,9,322,EL BAGRE,48914,26.33903979,41.91705356,3389.902989
146,5250,2013,10,323,EL BAGRE,48914,26.15447488,19.51130874,4817.231387
145,5250,2013,11,324,EL BAGRE,48914,25.65744313,44.69207087,3609.60814
119,5250,2013,12,325,EL BAGRE,48914,24.76733581,95.82601471,NA
106,5250,2013,13,326,EL BAGRE,48914,25.6037459,59.59313503,3476.704156
153,5250,2013,14,327,EL BAGRE,48914,26.0598163,111.0513503,2956.547711
98,5250,2013,15,328,EL BAGRE,48914,26.4236011,72.33721799,3964.228036
101,5250,2013,16,329,EL BAGRE,48914,25.61129498,172.1600603,3223.019585
140,5250,2013,17,330,EL BAGRE,48914,25.22310713,45.54468792,4548.893845
197,5250,2013,18,331,EL BAGRE,48914,24.88610339,60.57966489,3608.071472
152,5250,2013,19,332,EL BAGRE,48914,24.51118326,38.10483825,3497.320672
154,5250,2013,20,333,EL BAGRE,48914,25.22638512,96.50692327,3793.802906
125,5250,2013,21,334,EL BAGRE,48914,24.2396017,77.70972701,NA
88,5250,2013,22,335,EL BAGRE,48914,24.68731676,95.11595742,4305.599681
75,5250,2013,23,336,EL BAGRE,48914,24.75039044,36.09865525,3524.805886
83,5250,2013,24,337,EL BAGRE,48914,25.38744526,46.82627018,4344.920308
112,5250,2013,25,338,EL BAGRE,48914,25.56364116,26.17353295,3058.502669
82,5250,2013,26,339,EL BAGRE,48914,25.04330228,36.13017547,3827.733275
106,5250,2013,27,340,EL BAGRE,48914,24.85014723,23.66775831,3582.041726
79,5250,2013,28,341,EL BAGRE,48914,25.2348384,110.7433429,NA
92,5250,2013,29,342,EL BAGRE,48914,25.32610037,17.31706265,3705.290028
81,5250,2013,30,343,EL BAGRE,48914,25.47821661,32.35806483,3477.512341
48,5250,2013,31,344,EL BAGRE,48914,25.08222956,49.52160947,4338.955346
52,5250,2013,32,345,EL BAGRE,48914,24.89163202,84.57026751,3083.126269
37,5250,2013,33,346,EL BAGRE,48914,24.65692142,48.41205996,1967.781209
61,5250,2013,34,347,EL BAGRE,48914,24.6617783,70.90071941,1967.781209
61,5250,2013,35,348,EL BAGRE,48914,24.58117192,61.89715254,3089.845882
53,5250,2013,36,349,EL BAGRE,48914,23.8625712,76.84340793,2009.418349
43,5250,2013,37,350,EL BAGRE,48914,23.90132533,65.53453035,NA
44,5250,2013,38,351,EL BAGRE,48914,25.38782458,63.06473237,2323.852976
63,5250,2013,39,352,EL BAGRE,48914,25.14203007,66.3203355,2597.399787
59,5250,2013,40,353,EL BAGRE,48914,24.14616249,77.85603119,3585.139253
38,5250,2013,41,354,EL BAGRE,48914,24.72236069,34.09270673,3047.588014
37,5250,2013,42,355,EL BAGRE,48914,24.15670786,126.8125868,2537.984605
73,5250,2013,43,356,EL BAGRE,48914,24.37147328,133.9000318,3042.759213
50,5250,2013,44,357,EL BAGRE,48914,24.2331416,84.78718136,NA
32,5250,2013,45,358,EL BAGRE,48914,23.69566199,35.36259555,2016.786938
51,5250,2013,46,359,EL BAGRE,48914,24.73676822,115.2441222,2759.81172
39,5250,2013,47,360,EL BAGRE,48914,24.66755001,37.48329343,2300.405213
18,5250,2013,48,361,EL BAGRE,48914,23.86270748,37.43394219,2065.433486
39,5250,2013,49,362,EL BAGRE,48914,24.28221854,40.12121375,3518.146317
45,5250,2013,50,363,EL BAGRE,48914,24.6368591,40.16399559,3506.957508
29,5250,2013,51,364,EL BAGRE,48914,25.02491658,14.55046748,3726.818514
31,5250,2013,52,365,EL BAGRE,48914,24.66374402,7.793388253,4116.200334
22,5250,2014,1,366,EL BAGRE,49248,26.10986448,8.241959235,NA
72,5250,2014,2,367,EL BAGRE,49248,25.04580804,17.05100399,4709.228626
43,5250,2014,3,368,EL BAGRE,49248,25.60994945,5.052580745,2848.274531
41,5250,2014,4,369,EL BAGRE,49248,25.72686485,20.11481214,4602.845715
41,5250,2014,5,370,EL BAGRE,49248,25.88975064,6.184485973,3903.118825
54,5250,2014,6,371,EL BAGRE,49248,25.92598892,12.88942054,4585.944936
63,5250,2014,7,372,EL BAGRE,49248,26.07641334,17.27011314,3238.908399
39,5250,2014,8,373,EL BAGRE,49248,26.36963047,10.11854971,NA
57,5250,2014,9,374,EL BAGRE,49248,25.70404007,42.92296511,3312.736263
34,5250,2014,10,375,EL BAGRE,49248,24.70755824,33.29447854,3262.638823
54,5250,2014,11,376,EL BAGRE,49248,25.58875235,25.0974712,4158.967894
40,5250,2014,12,377,EL BAGRE,49248,27.52286461,15.07696296,3370.673977
48,5250,2014,13,378,EL BAGRE,49248,26.90141029,86.17104185,3405.632246
51,5250,2014,14,379,EL BAGRE,49248,27.50618298,14.26598532,3554.522769
56,5250,2014,15,380,EL BAGRE,49248,28.10151803,62.66355053,2825.836705
42,5250,2014,16,381,EL BAGRE,49248,26.75483982,76.92354734,2875.230404
66,5250,2014,17,382,EL BAGRE,49248,25.73116508,116.5022669,NA
54,5250,2014,18,383,EL BAGRE,49248,25.87748005,86.55064118,4737.308491
62,5250,2014,19,384,EL BAGRE,49248,25.04250233,138.5375636,3327.015529
68,5250,2014,20,385,EL BAGRE,49248,25.45749344,81.61789399,4083.869763
66,5250,2014,21,386,EL BAGRE,49248,25.28244934,67.95729865,3548.659693
48,5250,2014,22,387,EL BAGRE,49248,25.9343758,78.00979744,4069.649973
35,5250,2014,23,388,EL BAGRE,49248,26.30931083,41.7334844,3799.183176
40,5250,2014,24,389,EL BAGRE,49248,26.17200446,49.58294746,NA
54,5250,2014,25,390,EL BAGRE,49248,26.48370655,44.3249757,2329.386582
39,5250,2014,26,391,EL BAGRE,49248,26.58631729,29.0091491,3126.092328
58,5250,2014,27,392,EL BAGRE,49248,26.3729149,33.15695906,4664.897269
42,5250,2014,28,393,EL BAGRE,49248,26.80488735,39.54369595,3432.074965
48,5250,2014,29,394,EL BAGRE,49248,26.71041861,14.71392922,5007.249978
39,5250,2014,30,395,EL BAGRE,49248,27.94751909,26.76941043,3239.464842
30,5250,2014,31,396,EL BAGRE,49248,27.09429288,42.37100324,3084.63832
30,5250,2014,32,397,EL BAGRE,49248,27.4215011,52.33648991,3562.01609
47,5250,2014,33,398,EL BAGRE,49248,26.89492688,55.27071871,NA
50,5250,2014,34,399,EL BAGRE,49248,25.79935421,92.68814735,4748.981284
48,5250,2014,35,400,EL BAGRE,49248,24.84167449,44.71386218,3670.899615
37,5250,2014,36,401,EL BAGRE,49248,26.29270193,30.91869239,5568.674139
34,5250,2014,37,402,EL BAGRE,49248,25.02226809,72.17309921,3657.573654
38,5250,2014,38,403,EL BAGRE,49248,24.38022307,155.5745992,2063.41487
21,5250,2014,39,404,EL BAGRE,49248,24.24998163,93.73709209,3608.749099
21,5250,2014,40,405,EL BAGRE,49248,25.18591958,26.31913447,NA
23,5250,2014,41,406,EL BAGRE,49248,23.81072882,65.04158758,3106.584122
22,5250,2014,42,407,EL BAGRE,49248,24.02084926,46.68268668,2589.934627
33,5250,2014,43,408,EL BAGRE,49248,24.04706284,26.53343945,3482.565257
18,5250,2014,44,409,EL BAGRE,49248,23.92643474,41.99341797,3392.515998
16,5250,2014,45,410,EL BAGRE,49248,24.88205616,42.05321437,3796.268749
29,5250,2014,46,411,EL BAGRE,49248,23.594871,72.89736705,3146.219969
22,5250,2014,47,412,EL BAGRE,49248,24.56137146,34.92384069,1539.099697
13,5250,2014,48,413,EL BAGRE,49248,24.57794964,61.17387818,2118.379694
21,5250,2014,49,414,EL BAGRE,49248,24.72616685,15.50974362,NA
22,5250,2014,50,415,EL BAGRE,49248,24.05118172,51.46930144,1131.144398
14,5250,2014,51,416,EL BAGRE,49248,24.51298581,12.88098657,2633.653685
22,5250,2014,52,417,EL BAGRE,49248,25.37938994,4.176495802,2582.287653
4,5250,2014,53,418,EL BAGRE,49248,25.98868085,3.998044623,3319.777702
25,5250,2015,1,419,EL BAGRE,49583,25.56132275,0.47830171,3773.685918
19,5250,2015,2,420,EL BAGRE,49583,26.34242638,9.963752529,3539.393176
19,5250,2015,3,421,EL BAGRE,49583,24.97369641,15.04486866,NA
22,5250,2015,4,422,EL BAGRE,49583,26.06397167,10.2636563,3858.392954
20,5250,2015,5,423,EL BAGRE,49583,26.47923578,29.08809707,3858.392954
10,5250,2015,6,424,EL BAGRE,49583,24.91954236,41.00281748,1934.126922
9,5250,2015,7,425,EL BAGRE,49583,27.1803107,8.012165513,3663.154055
8,5250,2015,8,426,EL BAGRE,49583,27.94765369,7.039430029,4671.8138
13,5250,2015,9,427,EL BAGRE,49583,28.32871886,3.506954093,3453.505597
10,5250,2015,10,428,EL BAGRE,49583,29.77483283,3.310898379,3400.417656
16,5250,2015,11,429,EL BAGRE,49583,26.76650671,35.76905147,3744.74726
6,5250,2015,12,430,EL BAGRE,49583,26.49255701,13.78797837,NA
33,5250,2015,13,431,EL BAGRE,49583,25.56527983,168.859833,1526.383313
25,5250,2015,14,432,EL BAGRE,49583,26.50255239,10.26118956,2843.275759
31,5250,2015,15,433,EL BAGRE,49583,25.49402175,37.84634488,4840.581542
21,5250,2015,16,434,EL BAGRE,49583,26.13534488,54.98464424,3552.488763
28,5250,2015,17,435,EL BAGRE,49583,26.15204087,97.68175824,2371.245522
17,5250,2015,18,436,EL BAGRE,49583,26.16016999,34.10392628,4033.24955
32,5250,2015,19,437,EL BAGRE,49583,26.60368191,27.99072993,NA
24,5250,2015,20,438,EL BAGRE,49583,25.53228505,52.85443436,3248.283472
30,5250,2015,21,439,EL BAGRE,49583,24.88833576,125.5745462,967.2779071
44,5250,2015,22,440,EL BAGRE,49583,25.52228888,56.54678457,5708.89027
15,5250,2015,23,441,EL BAGRE,49583,24.83622337,23.35253911,3386.430173
20,5250,2015,24,442,EL BAGRE,49583,26.4334789,26.67055201,1365.933445
21,5250,2015,25,443,EL BAGRE,49583,27.38086485,53.23574428,3533.135118
37,5250,2015,26,444,EL BAGRE,49583,28.52663415,12.75761295,3669.845082
48,5250,2015,27,445,EL BAGRE,49583,26.33270613,33.1362295,3831.260182
18,5250,2015,28,446,EL BAGRE,49583,24.98514271,83.74817537,4166.583008
34,5250,2015,29,447,EL BAGRE,49583,24.84065953,42.32853222,4100.240761
7,5250,2015,30,448,EL BAGRE,49583,25.85014517,25.37179366,2819.848772
28,5250,2015,31,449,EL BAGRE,49583,26.89922534,24.74887328,2819.848772
6,5250,2015,32,450,EL BAGRE,49583,25.4915902,62.34745009,1457.399668
20,5250,2015,33,451,EL BAGRE,49583,25.90456424,38.06575609,2982.932016
46,5250,2015,34,452,EL BAGRE,49583,24.97514204,70.87232203,3892.718959
34,5250,2015,35,453,EL BAGRE,49583,25.40906616,51.39588181,NA
19,5250,2015,36,454,EL BAGRE,49583,25.5655639,77.42875151,3182.155783
29,5250,2015,37,455,EL BAGRE,49583,25.46620319,47.28938318,2139.476544
37,5250,2015,38,456,EL BAGRE,49583,25.14355706,20.27852862,1994.062671
36,5250,2015,39,457,EL BAGRE,49583,24.9609919,54.12544517,1664.221853
13,5250,2015,40,458,EL BAGRE,49583,25.36570223,106.6347905,3973.707124
60,5250,2015,41,459,EL BAGRE,49583,24.29715758,124.1209397,3475.163012
34,5250,2015,42,460,EL BAGRE,49583,24.87303145,70.6554933,4026.540626
32,5250,2015,43,461,EL BAGRE,49583,24.36300358,62.03654029,2622.908191
66,5250,2015,44,462,EL BAGRE,49583,24.07428679,37.19785856,4008.463379
19,5250,2015,45,463,EL BAGRE,49583,24.74238712,54.14218772,3713.205114
32,5250,2015,46,464,EL BAGRE,49583,24.2412128,33.86656605,2264.274081
36,5250,2015,47,465,EL BAGRE,49583,25.08291414,88.78601086,2723.041579
29,5250,2015,48,466,EL BAGRE,49583,25.40360275,30.56339899,2282.443819
28,5250,2015,49,467,EL BAGRE,49583,25.2275307,9.905254601,1923.815355
21,5250,2015,50,468,EL BAGRE,49583,24.96185731,31.17969651,3214.605258
23,5250,2015,51,469,EL BAGRE,49583,25.69555878,4.182505301,NA
24,5250,2015,52,470,EL BAGRE,49583,25.84094387,21.11215477,2835.812711
24,5250,2016,1,471,EL BAGRE,49913,25.47455757,14.25165723,1624.120578
37,5250,2016,2,472,EL BAGRE,49913,25.6549617,5.412898522,3553.335099
27,5250,2016,3,473,EL BAGRE,49913,26.56385115,3.117929043,3502.003495
19,5250,2016,4,474,EL BAGRE,49913,26.66312445,4.107429183,4558.343317
39,5250,2016,5,475,EL BAGRE,49913,27.21503997,3.339949317,2855.807887
14,5250,2016,6,476,EL BAGRE,49913,28.18270878,5.440552527,1943.99328
24,5250,2016,7,477,EL BAGRE,49913,28.23671387,10.35037948,2818.509438
26,5250,2016,8,478,EL BAGRE,49913,27.84653202,14.13684335,NA
33,5250,2016,9,479,EL BAGRE,49913,28.09057183,8.769117687,446.6331261
30,5250,2016,10,480,EL BAGRE,49913,27.98181452,9.895247919,2153.098037
19,5250,2016,11,481,EL BAGRE,49913,28.30440518,27.62889863,692.926046
26,5250,2016,12,482,EL BAGRE,49913,30.01243267,13.72980285,3088.468577
22,5250,2016,13,483,EL BAGRE,49913,28.70928341,79.5235739,460.8346056
32,5250,2016,14,484,EL BAGRE,49913,27.80783376,84.77790384,3198.176524
41,5250,2016,15,485,EL BAGRE,49913,27.07391072,27.54279524,NA
26,5250,2016,16,486,EL BAGRE,49913,27.65563743,93.13830499,3155.313425
18,5250,2016,17,487,EL BAGRE,49913,25.70223023,129.549364,1477.843277
39,5250,2016,18,488,EL BAGRE,49913,25.35334838,82.16535209,2003.857007
65,5250,2016,19,489,EL BAGRE,49913,25.35656993,118.2736076,2535.520633
50,5250,2016,20,490,EL BAGRE,49913,27.01895327,50.15797128,2077.317116
12,5250,2016,21,491,EL BAGRE,49913,26.31130451,29.02721005,3587.519735
28,5250,2016,22,492,EL BAGRE,49913,25.02865053,36.05162787,2565.472857
25,5250,2016,23,493,EL BAGRE,49913,25.52539429,56.61416602,4004.242581
47,5250,2016,24,494,EL BAGRE,49913,25.29038184,38.66087571,NA
21,5250,2016,25,495,EL BAGRE,49913,25.16314791,20.43862203,2357.259606
16,5250,2016,26,496,EL BAGRE,49913,25.42746617,33.08125819,3358.282657
32,5250,2016,27,497,EL BAGRE,49913,25.61348484,57.07382638,2816.646018
34,5250,2016,28,498,EL BAGRE,49913,25.31826655,29.31480467,3657.875836
17,5250,2016,29,499,EL BAGRE,49913,24.90978026,49.93269836,2201.455936
15,5250,2016,30,500,EL BAGRE,49913,24.81671659,37.0877923,3441.908328
9,5250,2016,31,501,EL BAGRE,49913,25.21661368,48.20686171,NA
25,5250,2016,32,502,EL BAGRE,49913,25.24670696,25.26888925,2698.280759
18,5250,2016,33,503,EL BAGRE,49913,25.20160372,24.56279438,-96.76568974
23,5250,2016,34,504,EL BAGRE,49913,25.18984235,64.7750757,3241.083544
22,5250,2016,35,505,EL BAGRE,49913,24.52615256,37.8545427,2794.408693
27,5250,2016,36,506,EL BAGRE,49913,24.52837077,58.23093805,1686.15399
19,5250,2016,37,507,EL BAGRE,49913,24.53562612,109.819333,2812.854341
11,5250,2016,38,508,EL BAGRE,49913,24.59342199,35.83105564,1055.886114
16,5250,2016,39,509,EL BAGRE,49913,24.92603884,65.98462641,2677.773179
14,5250,2016,40,510,EL BAGRE,49913,24.63942666,92.26557057,NA
18,5250,2016,41,511,EL BAGRE,49913,24.12644582,101.0970647,2568.983161
10,5250,2016,42,512,EL BAGRE,49913,24.54665775,27.45340992,3360.817025
12,5250,2016,43,513,EL BAGRE,49913,24.15505886,73.58236696,2903.54568
10,5250,2016,44,514,EL BAGRE,49913,24.26166879,38.53079284,2046.422497
30,5250,2016,45,515,EL BAGRE,49913,24.38410076,31.12735533,4615.824717
21,5250,2016,46,516,EL BAGRE,49913,23.84967653,20.38186475,3716.508138
10,5250,2016,47,517,EL BAGRE,49913,24.29360724,32.11012851,NA
17,5250,2016,48,518,EL BAGRE,49913,24.38628482,39.08843785,1017.55099
15,5250,2016,49,519,EL BAGRE,49913,24.08202117,43.90587595,3575.570762
8,5250,2016,50,520,EL BAGRE,49913,25.0928902,13.83699882,1318.348278
12,5250,2016,51,521,EL BAGRE,49913,24.43491779,33.71887876,3370.025886
30,5250,2016,52,522,EL BAGRE,49913,24.43821717,15.60506486,2903.72768
22,5250,2017,1,523,EL BAGRE,50242,25.0204564,8.16,3748.469488
14,5250,2017,2,524,EL BAGRE,50242,23.77118323,10.17606398,1433.175434
5,5250,2017,3,525,EL BAGRE,50242,23.71866396,6.18,4476.983246
13,5250,2017,4,526,EL BAGRE,50242,24.01272933,5.23,NA
8,5250,2017,5,527,EL BAGRE,50242,25.60350522,16.32546231,1268.13811
13,5250,2017,6,528,EL BAGRE,50242,26.41543219,6.84,3575.558879
17,5250,2017,7,529,EL BAGRE,50242,25.38791079,5.84,5198.810105
9,5250,2017,8,530,EL BAGRE,50242,25.28875322,4.85,3505.830532
14,5250,2017,9,531,EL BAGRE,50242,26.18546905,12.18982852,2274.191514
23,5250,2017,10,532,EL BAGRE,50242,25.99041958,19.76439159,3009.86904
12,5250,2017,11,533,EL BAGRE,50242,25.14598357,58.99041411,NA
14,5250,2017,12,534,EL BAGRE,50242,24.76204419,25.42426963,4338.144886
17,5250,2017,13,535,EL BAGRE,50242,24.90893322,67.70530659,2845.091031
12,5250,2017,14,536,EL BAGRE,50242,26.97747615,10.08518568,4502.405015
9,5250,2017,15,537,EL BAGRE,50242,25.07463947,26.60553603,3420.924567
9,5250,2017,16,538,EL BAGRE,50242,24.7308537,66.32429018,4074.459519
17,5250,2017,17,539,EL BAGRE,50242,25.21021383,54.92903551,1965.908124
25,5250,2017,18,540,EL BAGRE,50242,24.60288566,143.2728703,3795.255296
27,5250,2017,19,541,EL BAGRE,50242,24.11982207,34.70879115,4094.197849
27,5250,2017,20,542,EL BAGRE,50242,24.94418114,66.75684007,NA
21,5250,2017,21,543,EL BAGRE,50242,25.3541468,64.16341528,5393.306831
30,5250,2017,22,544,EL BAGRE,50242,25.21728822,29.36631911,3772.732509
33,5250,2017,23,545,EL BAGRE,50242,25.27589177,28.93284486,4305.570494
18,5250,2017,24,546,EL BAGRE,50242,24.34762014,42.1062147,3666.13964
17,5250,2017,25,547,EL BAGRE,50242,24.2710763,87.74007612,3678.139133
32,5250,2017,26,548,EL BAGRE,50242,25.0422327,60.23300081,3905.57483
40,5250,2017,27,549,EL BAGRE,50242,25.12228139,28.13448121,NA
30,5250,2017,28,550,EL BAGRE,50242,24.76330216,72.23880627,4408.078182
20,5250,2017,29,551,EL BAGRE,50242,24.61338627,47.87393368,3344.699137
26,5250,2017,30,552,EL BAGRE,50242,25.26888604,31.46604513,3979.593805
22,5250,2017,31,553,EL BAGRE,50242,24.77061906,51.61516496,888.9218047
27,5250,2017,32,554,EL BAGRE,50242,25.01134848,44.12274863,4011.390438
15,5250,2017,33,555,EL BAGRE,50242,24.98717675,77.19315009,1052.337919
21,5250,2017,34,556,EL BAGRE,50242,24.49375875,73.26148177,3982.769704
23,5250,2017,35,557,EL BAGRE,50242,24.79012082,46.91244811,3141.14938
14,5250,2017,36,558,EL BAGRE,50242,24.4866399,42.45490057,NA
21,5250,2017,37,559,EL BAGRE,50242,24.37001107,65.94361545,4845.96214
8,5250,2017,38,560,EL BAGRE,50242,24.66185601,90.06982296,2093.920353
8,5250,2017,39,561,EL BAGRE,50242,24.22197769,36.90241502,2313.51772
7,5250,2017,40,562,EL BAGRE,50242,23.61916629,51.60870951,-43.51580222
19,5250,2017,41,563,EL BAGRE,50242,24.90124284,33.00867169,-9.564372599
14,5250,2017,42,564,EL BAGRE,50242,25.52308286,45.6392184,1169.398436
15,5250,2017,43,565,EL BAGRE,50242,24.22155913,36.64331618,NA
26,5250,2017,44,566,EL BAGRE,50242,24.17900945,33.53003178,4695.78413
22,5250,2017,45,567,EL BAGRE,50242,24.0426853,85.30719608,3862.241622
15,5250,2017,46,568,EL BAGRE,50242,24.15404366,32.15169278,2361.963477
34,5250,2017,47,569,EL BAGRE,50242,24.08735954,25.51659669,3921.081592
31,5250,2017,48,570,EL BAGRE,50242,24.53580701,88.66869749,3952.939948
35,5250,2017,49,571,EL BAGRE,50242,25.03484293,22.0711466,3711.191704
32,5250,2017,50,572,EL BAGRE,50242,24.40519688,20.23527656,4114.463618
22,5250,2017,51,573,EL BAGRE,50242,24.73898917,3.29,3560.697707
21,5250,2017,52,574,EL BAGRE,50242,24.05533212,33.32983611,NA
51,5250,2018,1,575,EL BAGRE,50557,23.75664435,82.91872494,5430.503096
33,5250,2018,2,576,EL BAGRE,50557,23.66920247,59.43630283,1402.388377
38,5250,2018,3,577,EL BAGRE,50557,23.96484144,83.74663828,4424.985498
18,5250,2018,4,578,EL BAGRE,50557,24.83893347,6.99,2353.378757
27,5250,2018,5,579,EL BAGRE,50557,25.56206594,6.17,4846.700411
32,5250,2018,6,580,EL BAGRE,50557,24.9810001,3.41,381.2225948
16,5250,2018,7,581,EL BAGRE,50557,25.10165677,7.12,NA
30,5250,2018,8,582,EL BAGRE,50557,25.12772101,3.08,5002.363753
29,5250,2018,9,583,EL BAGRE,50557,25.01896505,5.09,3492.823893
44,5250,2018,10,584,EL BAGRE,50557,25.63134814,36.36837907,3165.267301
32,5250,2018,11,585,EL BAGRE,50557,26.69222994,75.0098136,4141.362451
21,5250,2018,12,586,EL BAGRE,50557,25.58158736,34.70595678,3514.593141
34,5250,2018,13,587,EL BAGRE,50557,26.44233317,12.87394294,3041.832129
28,5250,2018,14,588,EL BAGRE,50557,24.20791376,67.75941869,3206.041788
34,5250,2018,15,589,EL BAGRE,50557,24.0492271,72.14962673,1623.73493
28,5250,2018,16,590,EL BAGRE,50557,25.08523296,48.37547121,NA
35,5250,2018,17,591,EL BAGRE,50557,25.15599469,23.48492606,2216.144907
27,5250,2018,18,592,EL BAGRE,50557,25.18054404,64.71750026,-622.7667336
45,5250,2018,19,593,EL BAGRE,50557,24.16396283,57.48692228,4073.591021
25,5250,2018,20,594,EL BAGRE,50557,24.41020812,122.280657,1801.660073
39,5250,2018,21,595,EL BAGRE,50557,24.27551863,51.00512941,4050.915894
35,5250,2018,22,596,EL BAGRE,50557,24.69990752,40.4723963,2841.31644
40,5250,2018,23,597,EL BAGRE,50557,25.59054576,16.74024872,NA
23,5250,2018,24,598,EL BAGRE,50557,25.06018454,30.59136647,4350.61511
32,5250,2018,25,599,EL BAGRE,50557,24.62416845,45.91201921,2034.56269
29,5250,2018,26,600,EL BAGRE,50557,24.56652521,21.1673929,2103.59167
30,5250,2018,27,601,EL BAGRE,50557,24.68206277,29.05049386,3710.117072
29,5250,2018,28,602,EL BAGRE,50557,25.20172615,23.2549765,2991.349546
22,5250,2018,29,603,EL BAGRE,50557,25.49640009,12.43615766,3897.655626
21,5250,2018,30,604,EL BAGRE,50557,24.84009075,32.57713593,2878.534744
25,5250,2018,31,605,EL BAGRE,50557,24.38127851,50.62812448,3709.100877
18,5250,2018,32,606,EL BAGRE,50557,25.32447659,17.67152443,NA
18,5250,2018,33,607,EL BAGRE,50557,24.9363524,46.56157684,4911.879519
14,5250,2018,34,608,EL BAGRE,50557,24.65129516,27.09369269,1501.115998
8,5250,2018,35,609,EL BAGRE,50557,25.08952711,29.88500153,5366.122003
15,5250,2018,36,610,EL BAGRE,50557,24.51367443,54.53262755,4051.174652
18,5250,2018,37,611,EL BAGRE,50557,24.03822587,113.9528712,1625.406752
16,5250,2018,38,612,EL BAGRE,50557,25.21886172,43.8806456,3700.184488
10,5250,2018,39,613,EL BAGRE,50557,24.4532541,42.28578417,NA
13,5250,2018,40,614,EL BAGRE,50557,23.99912612,62.78817168,5065.756277
25,5250,2018,41,615,EL BAGRE,50557,23.93002198,39.41446086,3640.58554
21,5250,2018,42,616,EL BAGRE,50557,23.87718057,72.09899871,5066.272183
26,5250,2018,43,617,EL BAGRE,50557,23.95179952,48.28843666,NA
18,5250,2018,44,618,EL BAGRE,50557,24.43261315,77.78334803,4678.439441
19,5250,2018,45,619,EL BAGRE,50557,24.16099352,35.8197149,4361.287117
12,5250,2018,46,620,EL BAGRE,50557,24.74639197,67.77946012,5220.421754
11,5250,2018,47,621,EL BAGRE,50557,24.51197488,175.2025404,4641.45019
16,5250,2018,48,622,EL BAGRE,50557,24.28837263,32.81887883,NA
12,5250,2018,49,623,EL BAGRE,50557,24.45461821,7.16,5962.534459
15,5250,2018,50,624,EL BAGRE,50557,25.24505499,8.28,1232.444431
22,5250,2018,51,625,EL BAGRE,50557,24.87697575,8.16,2080.298439
16,5250,2018,52,626,EL BAGRE,50557,24.9783209,2.97,1409.223897
